<assembly xmlns="http://maven.apache.org/ASSEMBLY/2.0.0" 
	xmlns:xsi="http://www.w3.org/2001/XMLSchema-instance"
	xsi:schemaLocation="http://maven.apache.org/ASSEMBLY/2.0.0 http://maven.apache.org/xsd/assembly-2.0.0.xsd">
	<id>jar-with-ecore-model</id>
	<formats>
		<format>jar</format>
	</formats>
	<includeBaseDirectory>false</includeBaseDirectory>
	<fileSets>
		<fileSet>
			<outputDirectory>/</outputDirectory>
			<directory>target/classes</directory>
		</fileSet>
		<fileSet>
			<outputDirectory>model/generated</outputDirectory>
			<directory>model/generated</directory>
		</fileSet>
	</fileSets>
</assembly>
